Feb 10 21:00:45 2023,Feeling content after a peaceful weekend getaway,WeekendEscape123,20,50,en,United States,California,San Francisco,37.7749,-122.4194
Apr 02 16:15:30 2023,Just started a new adventure and I'm feeling hopeful about what's to come,AdventureSeeker1,0,5,en,Canada,Alberta,Calgary,51.0447,-114.0719
May 20 12:40:15 2023,What a beautiful day to smile and spread positivity,PositiveVibesOnly,10,30,en,United Kingdom,Scotland,Edinburgh,55.9533,-3.1883
Jun 05 08:10:20 2023,Disappointed with the rain on my picnic day but still trying to stay optimistic,PicnicLover22,5,2,en,Australia,New South Wales,Sydney,-33.8688,151.2093
Jul 17 19:55:00 2023,Hiking in the mountains with friends feeling energized and adventurous,MountainExplorer7,15,40,en,United States,Colorado,Denver,39.7392,-104.9903
Aug 30 14:25:10 2023,Devastated to hear the news about a natural disaster in our neighboring town,NeighborsHelping123,0,3,en,Canada,Quebec,Montreal,45.5017,-73.5673
Sep 12 10:30:45 2023,Hoping for a better future and working hard towards my goals,FutureIsBright56,0,10,en,United States,Texas,Houston,29.7604,-95.3698
Oct 03 17:20:30 2023,Betrayed by a friend but I believe in forgiveness and second chances,SecondChances4All,3,8,en,United Kingdom,England,Manchester,53.4839,-2.2446
Nov 19 22:15:50 2023,Feeling frustrated with the traffic but I'll make it home eventually,PatiencePaysOff99,10,3,en,United States,New York,New York City,40.7128,-74.0060
Dec 08 07:50:00 2023,A day of despair turned into a night of hope,LifeIsFullOfSurprises,0,5,en,Australia,Victoria,Melbourne,-37.8136,144.9631
Feb 14 13:05:10 2023,Just booked a spontaneous trip to a new city feeling adventurous and alive,WanderlustDreamer8,2,12,en,Canada,British Columbia,Vancouver,49.2827,-123.1207
Mar 27 09:40:30 2023,Smile even when life gets tough because there's always a reason to be happy,HappinessInSmallThings,10,25,en,United States,Florida,Orlando,28.5383,-81.3792
Apr 11 11:20:15 2023,Starting a new chapter in life feeling both excited and a bit nervous,NewBeginnings2023,0,7,en,United Kingdom,Scotland,Glasgow,55.8642,-4.2518
Jun 18 18:00:05 2023,Bored at home but hopeful for the weekend plans with friends,WeekendFunTime88,0,5,en,Australia,Queensland,Cairns,-16.9186,145.7781
Jul 21 15:55:20 2023,Exploring a new city on my own and feeling absolutely content,IndependentTraveler9,8,20,en,United States,California,San Diego,32.7157,-117.1611
Aug 05 20:10:30 2023,Working on a new project that excites me can't wait to share it with you all,CreativeSoul22,5,15,en,Canada,Ontario,Ottawa,45.4215,-75.6919
Sep 14 07:30:40 2023,Another day at the office feeling frustrated but determined to conquer challenges,WorkHardPlayHard77,3,6,en,United Kingdom,England,Birmingham,52.4862,-1.8904
Oct 27 14:45:55 2023,Hopeful about the future despite the obstacles in my path,FutureGoals1234,2,8,en,United States,California,San Jose,37.3541,-121.9552
Nov 10 16:20:10 2023,Content with a cozy night in sipping hot cocoa and watching a movie,CozyEvenings2023,20,50,en,Canada,Quebec,Quebec City,46.8139,-71.2080
Dec 20 12:15:25 2023,Watching the sunset on the beach feeling at peace and in awe of nature's beauty,BeachSunsetWatcher,10,30,en,United States,Florida,Tampa,27.9506,-82.4572